item,manufacturer_mpn,status,source,price_snapshot,notes
DAC,AD3542RBCPZ16,EXACT_QUOTE,https://www.digikey.com/en/products/detail/analog-devices-inc/AD3542RBCPZ16/16580691,2026-09-29,"USD 86.38 qty1; USD 70.55071 qty14"
ADC,AD7606C-16BSTZ,EXACT_QUOTE,https://www.digikey.com/en/products/detail/analog-devices-inc/AD7606C-16BSTZ/13918940,2026-09-29,"USD 67.98 qty1; availability must be rechecked"
AO switch,ADG5412FBRUZ,EXACT_QUOTE,https://www.digikey.com/en/products/detail/analog-devices-inc/ADG5412FBRUZ/5011605,2026-09-29,"USD 15.02 qty1"
Positive LDO,LT3045EMSE#PBF,EXACT_QUOTE,https://www.digikey.com/en/products/detail/analog-devices-inc/LT3045EMSE-PBF/6234771,2026-09-29,"USD 10.00 qty1"
Negative LDO,LT3094EMSE#PBF,EXACT_QUOTE,https://www.digikey.com/en/products/detail/linear-technology-analog-devices/LT3094EMSE-PBF/LT3094EMSE-PBF-ND/9607268,2026-09-29,"USD 10.00 qty1"
Negative preregulator,LT8330ES6#TRMPBF,EXACT_QUOTE,https://www.digikey.com/en/products/detail/analog-devices-inc/LT8330ES6-TRMPBF/5361665,2026-09-29,"USD 8.27 qty1"
Reference,ADR4525BRZ,EXACT_QUOTE,https://www.digikey.com/en/products/detail/analog-devices-inc/ADR4525BRZ/3196871,2026-09-29,"USD 11.86 qty1"
eFuse,TPS259474LRPWR,EXACT_QUOTE,https://www.digikey.com/en/products/detail/texas-instruments/TPS259474LRPWR/14123976,2026-09-29,"USD 1.72 qty1"
Watchdog,TPS3430WDRCR,ORDERABLE_MPN_MISMATCH,https://www.ti.com/product/TPS3430/part-details/TPS3430WDRCR,2026-09-29,"Schematic TPS3430DRCR must be reconciled before release"
Input bulk,C5750X7R1V476M230KC,EXACT_QUOTE,https://www.digikey.com/en/products/detail/tdk/C5750X7R1V476M230KC/15930210,2026-09-29,"USD 5.55 qty1"
Fuse,0451002.MRL,EXACT_QUOTE,https://www.digikey.com/en/products/detail/littelfuse-inc/0451002-MRL/700822,2026-09-29,"USD 2.47 qty1"
AO connector,1844294,EXACT_QUOTE,https://www.digikey.com/en/products/detail/phoenix-contact/1844294/349201,2026-09-29,"USD 4.15 qty1"
Input connector,1757242,EXACT_QUOTE,https://www.digikey.com/en/products/detail/phoenix-contact/1757242/260474,2026-09-29,"USD 0.56 qty1"
Interlock connector,1844210,EXACT_QUOTE,https://www.digikey.com/en/products/detail/phoenix-contact/1844210/349195,2026-09-29,"USD 0.83 qty1"
DUT permit connector,0430450212,EXACT_QUOTE,https://www.digikey.com/en/products/detail/molex/0430450212/252502,2026-09-29,"USD 0.91 qty1"
Reset switch,PTS645SM43SMTR92 LFS,EXACT_QUOTE,https://www.digikey.com/en/products/detail/c-k/PTS645SM43SMTR92-LFS/1146840,2026-09-29,"USD 0.36 qty1"
22uF candidate,C3225X7R1C226M250AC,CANDIDATE_QUOTE,https://www.digikey.com/en/products/detail/tdk/C3225X7R1C226M250AC/1587497,2026-09-29,"USD 0.62 qty1; qualification open"
10uF candidate,C3225X7R1E106K250AC,CANDIDATE_QUOTE,https://www.digikey.com/en/products/detail/tdk/C3225X7R1E106K250AC/1589879,2026-09-29,"USD 0.63 qty1; qualification open"
Cuk transfer candidate,CGA6L2X7R1H105K160AA,CANDIDATE_QUOTE,https://www.digikey.com/en/products/detail/tdk/CGA6L2X7R1H105K160AA/2443191,2026-09-29,"USD 0.35 qty1; qualification open"
L203 candidate,XAL5030-472MEC,CANDIDATE_QUOTE,https://www.coilcraft.com/en-us/products/power/shielded-inductors/molded-inductor/xal/xal50xx/xal5030-472/,2026-09-29,"USD 2.74 qty1 sample; qualification open"
