line_id,refs,qty_per_board,populate,schematic_value,footprint,procurement_mpn,manufacturer,pricing_status,price_date,unit_price_currency,unit_price_qty1,unit_price_5board_basis,planning_fx_cny_per_usd,extended_cny_one_board,extended_cny_five_boards,price_source,notes
001,TP302,1,YES,-5V2_PVSS,TestPoint:TestPoint_Pad_D1.0mm,,,BUDGET_GENERIC,2026-09-29,USD,0.08000,0.06400,6.7100,0.54,2.15,,Engineering small-quantity budget; manufacturer MPN not source-bound
002,TP301,1,YES,-6V2_PRE,TestPoint:TestPoint_Pad_D1.0mm,,,BUDGET_GENERIC,2026-09-29,USD,0.08000,0.06400,6.7100,0.54,2.15,,Engineering small-quantity budget; manufacturer MPN not source-bound
003,TP211,1,YES,+5V0_DAC,TestPoint:TestPoint_Pad_D1.0mm,,,BUDGET_GENERIC,2026-09-29,USD,0.08000,0.06400,6.7100,0.54,2.15,,Engineering small-quantity budget; manufacturer MPN not source-bound
004,TP212,1,YES,+5V2_PVDD,TestPoint:TestPoint_Pad_D1.0mm,,,BUDGET_GENERIC,2026-09-29,USD,0.08000,0.06400,6.7100,0.54,2.15,,Engineering small-quantity budget; manufacturer MPN not source-bound
005,R652 R654 R850 R851 R852 R853 R854 R855 R856 R857 R858 R859 R860 R861 R862 R863 R864 R865 R901 R902 R906 R907 R911 R912 R916 R917 R1001 R1002 R1010 R1011 R1012 R1013 R1014 R1015 R1030 R1031 R1032 R1033 R1034 R1035,40,YES,100,Resistor_SMD:R_0603_1608Metric,,,BUDGET_GENERIC,2026-09-29,USD,0.01200,0.00960,6.7100,3.22,12.88,,Engineering small-quantity budget; manufacturer MPN not source-bound
006,R1040 R1041 R1042 R1043 R1044 R1045,6,YES,100k,Resistor_SMD:R_0603_1608Metric,,,BUDGET_GENERIC,2026-09-29,USD,0.01200,0.00960,6.7100,0.48,1.93,,Engineering small-quantity budget; manufacturer MPN not source-bound
007,R201,1,YES,100k / EN default low,Resistor_SMD:R_0603_1608Metric,,,BUDGET_GENERIC,2026-09-29,USD,0.01200,0.00960,6.7100,0.08,0.32,,Engineering small-quantity budget; manufacturer MPN not source-bound
008,R554,1,YES,100k / Q401 B-E bleed,Resistor_SMD:R_0603_1608Metric,,,BUDGET_GENERIC,2026-09-29,USD,0.01200,0.00960,6.7100,0.08,0.32,,Engineering small-quantity budget; manufacturer MPN not source-bound
009,R556,1,YES,100k / Q402 B-E bleed,Resistor_SMD:R_0603_1608Metric,,,BUDGET_GENERIC,2026-09-29,USD,0.01200,0.00960,6.7100,0.08,0.32,,Engineering small-quantity budget; manufacturer MPN not source-bound
010,R550,1,YES,100k / unplugged ARM low,Resistor_SMD:R_0603_1608Metric,,,BUDGET_GENERIC,2026-09-29,USD,0.01200,0.00960,6.7100,0.08,0.32,,Engineering small-quantity budget; manufacturer MPN not source-bound
011,C601 C602 C603 C604 C605 C606 C607 C608 C609 C610 C651 C652 C653 C654 C801 C802 C803 C804 C806 C809 C901 C902 C903 C904 C911 C912 C913 C914 C1001 C1002 C1010,31,YES,100n,Capacitor_SMD:C_0603_1608Metric,,,BUDGET_GENERIC,2026-09-29,USD,0.02500,0.02000,6.7100,5.20,20.80,,Engineering small-quantity budget; manufacturer MPN not source-bound
012,C307 C327 C347 C367,4,YES,100nF,Capacitor_SMD:C_0603_1608Metric,,,BUDGET_GENERIC,2026-09-29,USD,0.02500,0.02000,6.7100,0.67,2.68,,Engineering small-quantity budget; manufacturer MPN not source-bound
013,C550 C551 C552 C553 C554,5,YES,100nF,Capacitor_SMD:C_0805_2012Metric,,,BUDGET_GENERIC,2026-09-29,USD,0.04000,0.03200,6.7100,1.34,5.37,,Engineering small-quantity budget; manufacturer MPN not source-bound
014,C109 C242 C262 C422 C431 C433 C501 C511 C521 C541,10,YES,100nF / 16V,Capacitor_SMD:C_0805_2012Metric,,,BUDGET_GENERIC,2026-09-29,USD,0.04000,0.03200,6.7100,2.68,10.74,,Engineering small-quantity budget; manufacturer MPN not source-bound
015,C210 C220 C230,3,YES,100nF / 16V bootstrap,Capacitor_SMD:C_0805_2012Metric,,,BUDGET_GENERIC,2026-09-29,USD,0.04000,0.03200,6.7100,0.81,3.22,,Engineering small-quantity budget; manufacturer MPN not source-bound
016,C106 C212 C222 C232 C412,5,YES,100nF / 50V,Capacitor_SMD:C_0805_2012Metric,,,BUDGET_GENERIC,2026-09-29,USD,0.04000,0.03200,6.7100,1.34,5.37,,Engineering small-quantity budget; manufacturer MPN not source-bound
017,C102,1,YES,100nF / 50V X7R,Capacitor_SMD:C_0805_2012Metric,,,BUDGET_GENERIC,2026-09-29,USD,0.04000,0.03200,6.7100,0.27,1.07,,Engineering small-quantity budget; manufacturer MPN not source-bound
018,R107 R244 R264 R424 R545 R602 R603 R604 R605 R607 R608 R651 R653 R703 R830 R831 R832 R833 R834 R903 R904 R905 R908 R909 R910 R913 R914 R915 R918 R919 R920 R1003 R1004 R1005 R1020 R1021 R1022 R1023 R1024 R1025,40,YES,10k,Resistor_SMD:R_0603_1608Metric,,,BUDGET_GENERIC,2026-09-29,USD,0.01200,0.00960,6.7100,3.22,12.88,,Engineering small-quantity budget; manufacturer MPN not source-bound
019,R551,1,YES,10k / default RESET asserted,Resistor_SMD:R_0603_1608Metric,,,BUDGET_GENERIC,2026-09-29,USD,0.01200,0.00960,6.7100,0.08,0.32,,Engineering small-quantity budget; manufacturer MPN not source-bound
020,R552,1,YES,10k / HOST ARM referenced pull-up,Resistor_SMD:R_0603_1608Metric,,,BUDGET_GENERIC,2026-09-29,USD,0.01200,0.00960,6.7100,0.08,0.32,,Engineering small-quantity budget; manufacturer MPN not source-bound
021,R530,1,YES,10k / open-drain pull-up,Resistor_SMD:R_0603_1608Metric,,,BUDGET_GENERIC,2026-09-29,USD,0.01200,0.00960,6.7100,0.08,0.32,,Engineering small-quantity budget; manufacturer MPN not source-bound
022,R105 R211 R221 R231 R243 R263 R423 R501 R511 R521 R540 R543,12,YES,10k 0.1%,Resistor_SMD:R_0603_1608Metric,,,BUDGET_GENERIC,2026-09-29,USD,0.04000,0.03200,6.7100,3.22,12.88,,Engineering small-quantity budget; manufacturer MPN not source-bound
023,C805 C810,2,YES,10u,Capacitor_SMD:C_0805_2012Metric,,,BUDGET_GENERIC,2026-09-29,USD,0.04000,0.03200,6.7100,0.54,2.15,,Engineering small-quantity budget; manufacturer MPN not source-bound
024,C241 C261,2,YES,10uF / 16V,Capacitor_SMD:C_0805_2012Metric,,,BUDGET_GENERIC,2026-09-29,USD,0.22000,0.17600,6.7100,2.95,11.81,,Engineering small-quantity budget; manufacturer MPN not source-bound
025,C414 C415 C421,3,YES,"10uF / 16V X7R, 1210",Capacitor_SMD:C_1210_3225Metric,C3225X7R1E106K250AC,TDK,CANDIDATE_QUOTE,2026-09-29,USD,0.63000,0.39100,6.7100,12.68,39.35,https://www.digikey.com/en/products/detail/tdk/C3225X7R1E106K250AC/1589879,Candidate only; not release substitution approval
026,C101,1,YES,10uF / 50V X7R,Capacitor_SMD:C_0805_2012Metric,,,BUDGET_GENERIC,2026-09-29,USD,0.22000,0.17600,6.7100,1.48,5.90,,Engineering small-quantity budget; manufacturer MPN not source-bound
027,C211 C221 C231,3,YES,10uF / 50V X7R,Capacitor_SMD:C_1210_3225Metric,,,BUDGET_GENERIC,2026-09-29,USD,0.35000,0.28000,6.7100,7.05,28.18,,Engineering small-quantity budget; manufacturer MPN not source-bound
028,C411,1,YES,"10uF / 50V X7R, 1210",Capacitor_SMD:C_1210_3225Metric,,,BUDGET_GENERIC,2026-09-29,USD,0.35000,0.28000,6.7100,2.35,9.39,,Engineering small-quantity budget; manufacturer MPN not source-bound
029,L201,1,YES,10uH / Isat >=3A / DCR <100mOhm,Inductor_SMD:L_Coilcraft_XAL5050-XXX,XAL5050-103MEC,Coilcraft,CANDIDATE_QUOTE,2026-09-29,USD,3.02000,3.02000,6.7100,20.26,101.32,https://www.coilcraft.com/zh-cn/products/power/shielded-inductors/molded-inductor/xal/xal50xx/xal5050-103/,"Existing qualification candidate; L(I,T), AC/core+winding loss and thermal remain open"
030,L301 L302,2,YES,10uH independent / Isat >=1.5A,Inductor_SMD:L_Coilcraft_XAL5050-XXX,XAL5050-103MEC,Coilcraft,CANDIDATE_QUOTE,2026-09-29,USD,3.02000,3.02000,6.7100,40.53,202.64,https://www.coilcraft.com/zh-cn/products/power/shielded-inductors/molded-inductor/xal/xal50xx/xal5050-103/,"Existing qualification candidate; L(I,T), AC/core+winding loss and thermal remain open"
031,R230,1,YES,12.4k 0.1%,Resistor_SMD:R_0603_1608Metric,,,BUDGET_GENERIC,2026-09-29,USD,0.04000,0.03200,6.7100,0.27,1.07,,Engineering small-quantity budget; manufacturer MPN not source-bound
032,R950 R951 R952 R953 R1006,5,YES,120,Resistor_SMD:R_1206_3216Metric,,,BUDGET_GENERIC,2026-09-29,USD,0.03500,0.02800,6.7100,1.17,4.70,,Engineering small-quantity budget; manufacturer MPN not source-bound
033,R411,1,YES,147k 0.1%,Resistor_SMD:R_0603_1608Metric,,,BUDGET_GENERIC,2026-09-29,USD,0.04000,0.03200,6.7100,0.27,1.07,,Engineering small-quantity budget; manufacturer MPN not source-bound
034,R242,1,YES,150k 0.1%,Resistor_SMD:R_0603_1608Metric,,,BUDGET_GENERIC,2026-09-29,USD,0.04000,0.03200,6.7100,0.27,1.07,,Engineering small-quantity budget; manufacturer MPN not source-bound
035,R262 R422,2,YES,158k 0.1%,Resistor_SMD:R_0603_1608Metric,,,BUDGET_GENERIC,2026-09-29,USD,0.04000,0.03200,6.7100,0.54,2.15,,Engineering small-quantity budget; manufacturer MPN not source-bound
036,R421,1,YES,15k / 250mA nominal limit,Resistor_SMD:R_0603_1608Metric,,,BUDGET_GENERIC,2026-09-29,USD,0.01200,0.00960,6.7100,0.08,0.32,,Engineering small-quantity budget; manufacturer MPN not source-bound
037,R601 R606,2,YES,1k,Resistor_SMD:R_0603_1608Metric,,,BUDGET_GENERIC,2026-09-29,USD,0.01200,0.00960,6.7100,0.16,0.64,,Engineering small-quantity budget; manufacturer MPN not source-bound
038,R544,1,YES,1M / comparator hysteresis,Resistor_SMD:R_0603_1608Metric,,,BUDGET_GENERIC,2026-09-29,USD,0.01200,0.00960,6.7100,0.08,0.32,,Engineering small-quantity budget; manufacturer MPN not source-bound
039,R410,1,YES,1M 0.1%,Resistor_SMD:R_0603_1608Metric,,,BUDGET_GENERIC,2026-09-29,USD,0.04000,0.03200,6.7100,0.27,1.07,,Engineering small-quantity budget; manufacturer MPN not source-bound
040,C850 C851 C852 C853 C854 C855 C856 C857,8,YES,1n,Capacitor_SMD:C_0603_1608Metric,,,BUDGET_GENERIC,2026-09-29,USD,0.05000,0.04000,6.7100,2.68,10.74,,Engineering small-quantity budget; manufacturer MPN not source-bound
041,C540,1,YES,1nF / 16V,Capacitor_SMD:C_0805_2012Metric,,,BUDGET_GENERIC,2026-09-29,USD,0.04000,0.03200,6.7100,0.27,1.07,,Engineering small-quantity budget; manufacturer MPN not source-bound
042,C104,1,YES,1nF / 16V C0G,Capacitor_SMD:C_0805_2012Metric,,,BUDGET_GENERIC,2026-09-29,USD,0.04000,0.03200,6.7100,0.27,1.07,,Engineering small-quantity budget; manufacturer MPN not source-bound
043,C500 C510 C520,3,YES,1nF / 16V sense filter,Capacitor_SMD:C_0805_2012Metric,,,BUDGET_GENERIC,2026-09-29,USD,0.04000,0.03200,6.7100,0.81,3.22,,Engineering small-quantity budget; manufacturer MPN not source-bound
044,C807 C808 C921 C922 C1011,5,YES,1u,Capacitor_SMD:C_0805_2012Metric,,,BUDGET_GENERIC,2026-09-29,USD,0.04000,0.03200,6.7100,1.34,5.37,,Engineering small-quantity budget; manufacturer MPN not source-bound
045,C302 C304 C322 C324 C342 C344 C362 C364,8,YES,1uF,Capacitor_SMD:C_0805_2012Metric,,,BUDGET_GENERIC,2026-09-29,USD,0.08000,0.06400,6.7100,4.29,17.18,,Engineering small-quantity budget; manufacturer MPN not source-bound
046,C430 C432,2,YES,1uF / 16V,Capacitor_SMD:C_0805_2012Metric,,,BUDGET_GENERIC,2026-09-29,USD,0.08000,0.06400,6.7100,1.07,4.29,,Engineering small-quantity budget; manufacturer MPN not source-bound
047,C413,1,YES,1uF / 16V INTVCC ONLY,Capacitor_SMD:C_0805_2012Metric,,,BUDGET_GENERIC,2026-09-29,USD,0.08000,0.06400,6.7100,0.54,2.15,,Engineering small-quantity budget; manufacturer MPN not source-bound
048,C107,1,YES,1uF / 35V X7R,Capacitor_SMD:C_0805_2012Metric,,,BUDGET_GENERIC,2026-09-29,USD,0.08000,0.06400,6.7100,0.54,2.15,,Engineering small-quantity budget; manufacturer MPN not source-bound
049,C410,1,YES,1uF / 50V X7R energy transfer,Capacitor_SMD:C_1210_3225Metric,CGA6L2X7R1H105K160AA,TDK,CANDIDATE_QUOTE,2026-09-29,USD,0.35000,0.20700,6.7100,2.35,6.94,https://www.digikey.com/en/products/detail/tdk/CGA6L2X7R1H105K160AA/2443191,Existing C410 candidate; qualification/lifecycle caveat retained
050,TP203,1,YES,1V8_D,TestPoint:TestPoint_Pad_D1.0mm,,,BUDGET_GENERIC,2026-09-29,USD,0.08000,0.06400,6.7100,0.54,2.15,,Engineering small-quantity budget; manufacturer MPN not source-bound
051,R106,1,YES,2.21k 1% / 1.51A nominal,Resistor_SMD:R_0603_1608Metric,,,BUDGET_GENERIC,2026-09-29,USD,0.01200,0.00960,6.7100,0.08,0.32,,Engineering small-quantity budget; manufacturer MPN not source-bound
052,R212 R222 R232 R412,4,YES,2.2k bleeder,Resistor_SMD:R_0603_1608Metric,,,BUDGET_GENERIC,2026-09-29,USD,0.01200,0.00960,6.7100,0.32,1.29,,Engineering small-quantity budget; manufacturer MPN not source-bound
053,R701,1,YES,220 1%,Resistor_SMD:R_0603_1608Metric,,,BUDGET_GENERIC,2026-09-29,USD,0.01200,0.00960,6.7100,0.08,0.32,,Engineering small-quantity budget; manufacturer MPN not source-bound
054,C213 C214 C223 C224 C233 C234 C243 C244 C263 C264 C423 C424,12,YES,"22uF / 16V X7R, 1210",Capacitor_SMD:C_1210_3225Metric,C3225X7R1C226M250AC,TDK,CANDIDATE_QUOTE,2026-09-29,USD,0.62000,0.38000,6.7100,49.92,152.99,https://www.digikey.com/en/products/detail/tdk/C3225X7R1C226M250AC/1587497,Existing candidate; DC-bias/temperature/aging/RMS qualification open
055,F101,1,YES,2A backup fuse / 0451002.MRL,Fuse:Fuse_Littelfuse-NANO2-451_453,0451002.MRL,Littelfuse,EXACT_QUOTE,2026-09-29,USD,2.47000,1.89300,6.7100,16.57,63.51,https://www.digikey.com/en/products/detail/littelfuse-inc/0451002-MRL/700822,DigiKey qty1 / qty10
056,C103,1,YES,3.3nF / 50V C0G,Capacitor_SMD:C_0805_2012Metric,,,BUDGET_GENERIC,2026-09-29,USD,0.04000,0.03200,6.7100,0.27,1.07,,Engineering small-quantity budget; manufacturer MPN not source-bound
057,R541 R542,2,YES,30k 0.1%,Resistor_SMD:R_0603_1608Metric,,,BUDGET_GENERIC,2026-09-29,USD,0.04000,0.03200,6.7100,0.54,2.15,,Engineering small-quantity budget; manufacturer MPN not source-bound
058,R220,1,YES,31.2k 0.1%,Resistor_SMD:R_0603_1608Metric,,,BUDGET_GENERIC,2026-09-29,USD,0.04000,0.03200,6.7100,0.27,1.07,,Engineering small-quantity budget; manufacturer MPN not source-bound
059,R500,1,YES,32.8k 0.1%,Resistor_SMD:R_0603_1608Metric,,,BUDGET_GENERIC,2026-09-29,USD,0.04000,0.03200,6.7100,0.27,1.07,,Engineering small-quantity budget; manufacturer MPN not source-bound
060,R801 R802 R803 R804 R805 R820 R821 R822 R823 R824 R825 R826 R827 R828,14,YES,33,Resistor_SMD:R_0603_1608Metric,,,BUDGET_GENERIC,2026-09-29,USD,0.01200,0.00960,6.7100,1.13,4.51,,Engineering small-quantity budget; manufacturer MPN not source-bound
061,TP202,1,YES,3V3_D,TestPoint:TestPoint_Pad_D1.0mm,,,BUDGET_GENERIC,2026-09-29,USD,0.08000,0.06400,6.7100,0.54,2.15,,Engineering small-quantity budget; manufacturer MPN not source-bound
062,R1050 R1051,2,YES,4.7k,Resistor_SMD:R_0603_1608Metric,,,BUDGET_GENERIC,2026-09-29,USD,0.01200,0.00960,6.7100,0.16,0.64,,Engineering small-quantity budget; manufacturer MPN not source-bound
063,C416,1,YES,4.7pF / 50V C0G feedforward,Capacitor_SMD:C_0805_2012Metric,,,BUDGET_GENERIC,2026-09-29,USD,0.04000,0.03200,6.7100,0.27,1.07,,Engineering small-quantity budget; manufacturer MPN not source-bound
064,C303 C305 C306 C323 C325 C326 C343 C345 C346 C363 C365 C366,12,YES,4.7uF,Capacitor_SMD:C_0805_2012Metric,,,BUDGET_GENERIC,2026-09-29,USD,0.12000,0.09600,6.7100,9.66,38.65,,Engineering small-quantity budget; manufacturer MPN not source-bound
065,C108,1,YES,4.7uF / 16V effective >=2.2uF,Capacitor_SMD:C_0805_2012Metric,,,BUDGET_GENERIC,2026-09-29,USD,0.12000,0.09600,6.7100,0.81,3.22,,Engineering small-quantity budget; manufacturer MPN not source-bound
066,L203,1,YES,4.7uH / Isat >=3A / DCR <100mOhm,Inductor_SMD:L_Coilcraft_XAL5030,XAL5030-472MEC,Coilcraft,CANDIDATE_QUOTE,2026-09-29,USD,2.74000,2.74000,6.7100,18.39,91.93,https://www.coilcraft.com/en-us/products/power/shielded-inductors/molded-inductor/xal/xal50xx/xal5030-472/,Coilcraft direct qty1 sample price; candidate only
067,C240 C260 C420,3,YES,470nF / 16V SET,Capacitor_SMD:C_0805_2012Metric,,,BUDGET_GENERIC,2026-09-29,USD,0.04000,0.03200,6.7100,0.81,3.22,,Engineering small-quantity budget; manufacturer MPN not source-bound
068,R553,1,YES,47k / default fault bias,Resistor_SMD:R_0603_1608Metric,,,BUDGET_GENERIC,2026-09-29,USD,0.01200,0.00960,6.7100,0.08,0.32,,Engineering small-quantity budget; manufacturer MPN not source-bound
069,R555,1,YES,47k / release base limit,Resistor_SMD:R_0603_1608Metric,,,BUDGET_GENERIC,2026-09-29,USD,0.01200,0.00960,6.7100,0.08,0.32,,Engineering small-quantity budget; manufacturer MPN not source-bound
070,C105,1,YES,47uF / 35V X7R / TDK C5750X7R1V476M230KC,Capacitor_SMD:TDK_C5750X7R1V476M230KC,C5750X7R1V476M230KC,TDK,EXACT_QUOTE,2026-09-29,USD,5.55000,4.01700,6.7100,37.24,134.77,https://www.digikey.com/en/products/detail/tdk/C5750X7R1V476M230KC/15930210,DigiKey qty1 / qty10
071,R240 R520,2,YES,49.9k 0.1%,Resistor_SMD:R_0603_1608Metric,,,BUDGET_GENERIC,2026-09-29,USD,0.04000,0.03200,6.7100,0.54,2.15,,Engineering small-quantity budget; manufacturer MPN not source-bound
072,R241 R261,2,YES,499R / 300mA nominal limit,Resistor_SMD:R_0603_1608Metric,,,BUDGET_GENERIC,2026-09-29,USD,0.01200,0.00960,6.7100,0.16,0.64,,Engineering small-quantity budget; manufacturer MPN not source-bound
073,R260 R420,2,YES,52.0k 0.1%,Resistor_SMD:R_0603_1608Metric,,,BUDGET_GENERIC,2026-09-29,USD,0.04000,0.03200,6.7100,0.54,2.15,,Engineering small-quantity budget; manufacturer MPN not source-bound
074,R300 R301 R320 R321 R340 R341 R360 R361,8,YES,52.3R START,Resistor_SMD:R_0603_1608Metric,,,BUDGET_GENERIC,2026-09-29,USD,0.01200,0.00960,6.7100,0.64,2.58,,Engineering small-quantity budget; manufacturer MPN not source-bound
075,R104,1,YES,56.2k 0.1%,Resistor_SMD:R_0603_1608Metric,,,BUDGET_GENERIC,2026-09-29,USD,0.04000,0.03200,6.7100,0.27,1.07,,Engineering small-quantity budget; manufacturer MPN not source-bound
076,L202,1,YES,6.8uH / Isat >=3A / DCR <100mOhm,Inductor_SMD:L_Coilcraft_XAL5050-XXX,XAL5050-682MEC,Coilcraft,CANDIDATE_QUOTE,2026-09-29,USD,3.02000,3.02000,6.7100,20.26,101.32,https://www.coilcraft.com/zh-cn/products/power/shielded-inductors/molded-inductor/xal/xal50xx/xal5050-682/,Existing qualification candidate; not release-qualified
077,R102 R103,2,YES,60.4k 0.1%,Resistor_SMD:R_0603_1608Metric,,,BUDGET_GENERIC,2026-09-29,USD,0.04000,0.03200,6.7100,0.54,2.15,,Engineering small-quantity budget; manufacturer MPN not source-bound
078,R210 R510,2,YES,67.3k 0.1%,Resistor_SMD:R_0603_1608Metric,,,BUDGET_GENERIC,2026-09-29,USD,0.04000,0.03200,6.7100,0.54,2.15,,Engineering small-quantity budget; manufacturer MPN not source-bound
079,R702,1,YES,680 1%,Resistor_SMD:R_0603_1608Metric,,,BUDGET_GENERIC,2026-09-29,USD,0.01200,0.00960,6.7100,0.08,0.32,,Engineering small-quantity budget; manufacturer MPN not source-bound
080,R101,1,YES,680k 0.1%,Resistor_SMD:R_0603_1608Metric,,,BUDGET_GENERIC,2026-09-29,USD,0.04000,0.03200,6.7100,0.27,1.07,,Engineering small-quantity budget; manufacturer MPN not source-bound
081,TP201,1,YES,6V2_PRE,TestPoint:TestPoint_Pad_D1.0mm,,,BUDGET_GENERIC,2026-09-29,USD,0.08000,0.06400,6.7100,0.54,2.15,,Engineering small-quantity budget; manufacturer MPN not source-bound
082,U20 U21 U22 U23,4,YES,AD3542RBCPZ16,Package_DFN_QFN:AnalogDevices_CP-28-15_AD3542R,AD3542RBCPZ16,Analog Devices,EXACT_QUOTE,2026-09-29,USD,86.38000,70.55071,6.7100,2318.44,9467.91,https://www.digikey.com/en/products/detail/analog-devices-inc/AD3542RBCPZ16/16580691,DigiKey qty1 / qty14
083,U801,1,YES,AD7606C-16BSTZ,Package_QFP:LQFP-64_10x10mm_P0.5mm,AD7606C-16BSTZ,Analog Devices,EXACT_QUOTE,2026-09-29,USD,67.98000,67.98000,6.7100,456.15,2280.73,https://www.digikey.com/en/products/detail/analog-devices-inc/AD7606C-16BSTZ/13918940,DigiKey qty1; qty18 break not applied to 5-board build
084,TP801,1,YES,ADC_FRSTDATA,TestPoint:TestPoint_Pad_D1.0mm,,,BUDGET_GENERIC,2026-09-29,USD,0.08000,0.06400,6.7100,0.54,2.15,,Engineering small-quantity budget; manufacturer MPN not source-bound
085,U601 U602,2,YES,ADG5412FBRUZ,Package_SO:TSSOP-16_4.4x5mm_P0.65mm,ADG5412FBRUZ,Analog Devices,EXACT_QUOTE,2026-09-29,USD,15.02000,11.86800,6.7100,201.57,796.34,https://www.digikey.com/en/products/detail/analog-devices-inc/ADG5412FBRUZ/5011605,DigiKey qty1 / qty10
086,U303,1,YES,ADR4525BRZ / 2.5V reference,Package_SO:SOIC-8_3.9x4.9mm_P1.27mm,ADR4525BRZ,Analog Devices,EXACT_QUOTE,2026-09-29,USD,11.86000,11.86000,6.7100,79.58,397.90,https://www.digikey.com/en/products/detail/analog-devices-inc/ADR4525BRZ/3196871,DigiKey qty1
087,J801,1,YES,AI0..7 / GND - LOW ENERGY +/-10V,Connector_PinHeader_2.54mm:PinHeader_2x08_P2.54mm_Vertical,,,BUDGET_GENERIC,2026-09-29,USD,0.60000,0.48000,6.7100,4.03,16.10,,Engineering small-quantity budget; manufacturer MPN not source-bound
088,U201 U202 U203,3,YES,AP63201WU-7 / 500kHz FPWM,Package_TO_SOT_SMD:TSOT-23-6,AP63201WU-7,Diodes Inc.,EXACT_QUOTE,2026-09-29,USD,0.93000,0.66200,6.7100,18.72,66.63,https://www.digikey.com/en/products/detail/diodes-incorporated/AP63201WU-7/9858425,DigiKey qty1 / qty10; stock lead-time must be rechecked
089,U701,1,YES,AQY212GS,Package_SO:SO-4_4.4x4.3mm_P2.54mm,AQY212GS,Panasonic,EXACT_QUOTE,2026-09-29,USD,3.18000,3.18000,6.7100,21.34,106.69,https://www.digikey.com/en/products/detail/panasonic-industry/AQY212GS/571632,DigiKey qty1
090,J1002,1,YES,AUX 3.3V LOGIC / GND,Connector_PinHeader_2.54mm:PinHeader_2x04_P2.54mm_Vertical,,,BUDGET_GENERIC,2026-09-29,USD,0.35000,0.28000,6.7100,2.35,9.39,,Engineering small-quantity budget; manufacturer MPN not source-bound
091,D401,1,YES,BAT54H / input negative clamp,Diode_SMD:D_SOD-123,,,BUDGET_GENERIC,2026-09-29,USD,0.10000,0.08000,6.7100,0.67,2.68,,Engineering small-quantity budget; manufacturer MPN not source-bound
092,D402,1,YES,BAT54H / input upper clamp,Diode_SMD:D_SOD-123,,,BUDGET_GENERIC,2026-09-29,USD,0.10000,0.08000,6.7100,0.67,2.68,,Engineering small-quantity budget; manufacturer MPN not source-bound
093,D403,1,YES,BAT54H / reference upper clamp,Diode_SMD:D_SOD-123,,,BUDGET_GENERIC,2026-09-29,USD,0.10000,0.08000,6.7100,0.67,2.68,,Engineering small-quantity budget; manufacturer MPN not source-bound
094,C300 C320 C340 C360,4,DNP,DNP C0G CFB0 REVIEW,Capacitor_SMD:C_0603_1608Metric,,,DNP,2026-09-29,USD,0.00000,0.00000,6.7100,0.00,0.00,,Not fitted; procurement cost excluded
095,C301 C321 C341 C361,4,DNP,DNP C0G CFB1 REVIEW,Capacitor_SMD:C_0603_1608Metric,,,DNP,2026-09-29,USD,0.00000,0.00000,6.7100,0.00,0.00,,Not fitted; procurement cost excluded
096,TP651,1,YES,FF0_N,TestPoint:TestPoint_Pad_D1.0mm,,,BUDGET_GENERIC,2026-09-29,USD,0.08000,0.06400,6.7100,0.54,2.15,,Engineering small-quantity budget; manufacturer MPN not source-bound
097,TP652,1,YES,FF1_N,TestPoint:TestPoint_Pad_D1.0mm,,,BUDGET_GENERIC,2026-09-29,USD,0.08000,0.06400,6.7100,0.54,2.15,,Engineering small-quantity budget; manufacturer MPN not source-bound
098,TP402,1,YES,HIL_FAULT_N,TestPoint:TestPoint_Pad_D1.0mm,,,BUDGET_GENERIC,2026-09-29,USD,0.08000,0.06400,6.7100,0.54,2.15,,Engineering small-quantity budget; manufacturer MPN not source-bound
099,TP401,1,YES,HIL_WDI,TestPoint:TestPoint_Pad_D1.0mm,,,BUDGET_GENERIC,2026-09-29,USD,0.08000,0.06400,6.7100,0.54,2.15,,Engineering small-quantity budget; manufacturer MPN not source-bound
100,J1003,1,YES,I2C 3.3V / GND,Connector_PinHeader_2.54mm:PinHeader_1x04_P2.54mm_Vertical,,,BUDGET_GENERIC,2026-09-29,USD,0.20000,0.16000,6.7100,1.34,5.37,,Engineering small-quantity budget; manufacturer MPN not source-bound
101,U211 U212,2,YES,LT3045EMSE#PBF / complete 12+EP pins,Package_SO:MSOP-12-1EP_3x4mm_P0.65mm_EP1.65x2.85mm,LT3045EMSE#PBF,Analog Devices,EXACT_QUOTE,2026-09-29,USD,10.00000,7.79600,6.7100,134.20,523.11,https://www.digikey.com/en/products/detail/analog-devices-inc/LT3045EMSE-PBF/6234771,DigiKey qty1 / qty10
102,U302,1,YES,LT3094EMSE#PBF / EP13=negative IN,Package_SO:MSOP-12-1EP_3x4mm_P0.65mm_EP1.65x2.85mm,LT3094EMSE#PBF,Analog Devices,EXACT_QUOTE,2026-09-29,USD,10.00000,10.00000,6.7100,67.10,335.50,https://www.digikey.com/en/products/detail/linear-technology-analog-devices/LT3094EMSE-PBF/LT3094EMSE-PBF-ND/9607268,DigiKey qty1
103,U301,1,YES,LT8330ES6#TRMPBF / 2MHz,Package_TO_SOT_SMD:TSOT-23-6,LT8330ES6#TRMPBF,Analog Devices,EXACT_QUOTE,2026-09-29,USD,8.27000,8.27000,6.7100,55.49,277.46,https://www.digikey.com/en/products/detail/analog-devices-inc/LT8330ES6-TRMPBF/5361665,DigiKey qty1
104,Q701,1,YES,MMBT3904,Package_TO_SOT_SMD:SOT-23,,,BUDGET_GENERIC,2026-09-29,USD,0.07000,0.05600,6.7100,0.47,1.88,,Engineering small-quantity budget; manufacturer MPN not source-bound
105,Q401,1,YES,"MMBT3904,215 / default fault sink",Package_TO_SOT_SMD:SOT-23,,,BUDGET_GENERIC,2026-09-29,USD,0.07000,0.05600,6.7100,0.47,1.88,,Engineering small-quantity budget; manufacturer MPN not source-bound
106,Q402,1,YES,"MMBT3904,215 / qualified release",Package_TO_SOT_SMD:SOT-23,,,BUDGET_GENERIC,2026-09-29,USD,0.07000,0.05600,6.7100,0.47,1.88,,Engineering small-quantity budget; manufacturer MPN not source-bound
107,J701,1,YES,Molex Micro-Fit 3.0 43045-0212 / DUT PERMIT FLOATING NO,Connector_Molex:Molex_Micro-Fit_3.0_43045-0212_2x01_P3.00mm_Vertical,0430450212,Molex,EXACT_QUOTE,2026-09-29,USD,0.91000,0.76900,6.7100,6.11,25.80,https://www.digikey.com/en/products/detail/molex/0430450212/252502,DigiKey qty1 / qty10
108,D1201 D1202 D1203 D1204 D1205 D1206 D1207 D1208 D1211 D1212 D1213 D1214 D1215 D1216 D1217 D1218,16,YES,PESD15VL1BA,Diode_SMD:D_SOD-323,"PESD15VL1BA,115",Nexperia,EXACT_QUOTE,2026-09-29,USD,0.45000,0.45000,6.7100,48.31,241.56,https://www.digikey.com/en/products/detail/nexperia-usa-inc/PESD15VL1BA-115/1157420,Current authorized-distributor stock constrained; $0.45 conservative budget pending live quote
109,D1221 D1222 D1223 D1224 D1225 D1226 D1231 D1232 D1233 D1234 D1235 D1236 D1241 D1242 D1261 D1262,16,YES,PESD5V0S1BA,Diode_SMD:D_SOD-323,"PESD5V0S1BA,115",Nexperia,EXACT_QUOTE,2026-09-29,USD,0.41000,0.24900,6.7100,44.02,133.66,https://www.digikey.com/en/products/detail/nexperia-usa-inc/PESD5V0S1BA-115/1530843,Packaging suffix selected for budgeting; base device matches schematic
110,J5,1,YES,"Phoenix MC 1,5/10-G-3,5 / 1844294 / AO0..AO7+2GND","Connector_Phoenix_MC:PhoenixContact_MC_1,5_10-G-3.5_1x10_P3.50mm_Horizontal",1844294,Phoenix Contact,EXACT_QUOTE,2026-09-29,USD,4.15000,3.37200,6.7100,27.85,113.13,https://www.digikey.com/en/products/detail/phoenix-contact/1844294/349201,DigiKey qty1 / qty10
111,J501,1,YES,"Phoenix MC 1,5/2-G-3,5 / 1844210 / 3.3V DRY CONTACT ONLY","Connector_Phoenix_MC:PhoenixContact_MC_1,5_2-G-3.5_1x02_P3.50mm_Horizontal",1844210,Phoenix Contact,EXACT_QUOTE,2026-09-29,USD,0.83000,0.67600,6.7100,5.57,22.68,https://www.digikey.com/en/products/detail/phoenix-contact/1844210/349195,DigiKey qty1 / qty10
112,J101,1,YES,"Phoenix MSTBA 2,5/2-G-5,08 / 1757242 / 9-15V INPUT","Connector_Phoenix_MSTB:PhoenixContact_MSTBA_2,5_2-G-5,08_1x02_P5.08mm_Horizontal",1757242,Phoenix Contact,EXACT_QUOTE,2026-09-29,USD,0.56000,0.45600,6.7100,3.76,15.30,https://www.digikey.com/en/products/detail/phoenix-contact/1757242/260474,DigiKey qty1 / qty10
113,SW101,1,YES,PTS645SM43SMTR92 LFS / POWER RESET / SPST-NO,Button_Switch_SMD:SW_Push_PTS645SM43SMTR92,PTS645SM43SMTR92 LFS,C&K,EXACT_QUOTE,2026-09-29,USD,0.36000,0.31300,6.7100,2.42,10.50,https://www.digikey.com/en/products/detail/c-k/PTS645SM43SMTR92-LFS/1146840,DigiKey qty1 / qty10
114,J1004,1,YES,RS485 A/B/GND,Connector_PinHeader_2.54mm:PinHeader_1x03_P2.54mm_Vertical,,,BUDGET_GENERIC,2026-09-29,USD,0.16000,0.12800,6.7100,1.07,4.29,,Engineering small-quantity budget; manufacturer MPN not source-bound
115,J1001,1,YES,SIX PWM / GND - 3.3V LOGIC ONLY,Connector_PinHeader_2.54mm:PinHeader_2x06_P2.54mm_Vertical,,,BUDGET_GENERIC,2026-09-29,USD,0.45000,0.36000,6.7100,3.02,12.08,,Engineering small-quantity budget; manufacturer MPN not source-bound
116,D1251 D1252 D1253 D1254 D1255,5,YES,SM712-02HTG,Package_TO_SOT_SMD:SOT-23,SM712-02HTG,Littelfuse,EXACT_QUOTE,2026-09-29,USD,1.44000,0.90300,6.7100,48.31,151.48,https://www.digikey.com/en/products/detail/littelfuse-inc/SM712-02HTG/5019611,DigiKey qty1 / qty10
117,D102,1,YES,SMBJ16A / 16V standoff TVS,Diode_SMD:D_SMB,,,BUDGET_GENERIC,2026-09-29,USD,0.45000,0.36000,6.7100,3.02,12.08,,Engineering small-quantity budget; manufacturer MPN not source-bound
118,U911 U912 U913 U914 U1002,5,YES,SN74LVC1G08DBVR,Package_TO_SOT_SMD:SOT-23-5,SN74LVC1G08DBVR,Texas Instruments,EXACT_QUOTE,2026-09-29,USD,0.12000,0.07700,6.7100,4.03,12.92,https://www.digikey.com/en/products/detail/texas-instruments/SN74LVC1G08DBVR/385718,DigiKey qty1 / qty10
119,U508,1,YES,SN74LVC1G11DBVR,Package_TO_SOT_SMD:SOT-23-6,SN74LVC1G11DBVR,Texas Instruments,EXACT_QUOTE,2026-09-29,USD,0.32000,0.21800,6.7100,2.15,7.31,https://www.digikey.com/en/products/detail/texas-instruments/SN74LVC1G11DBVR/637183,DigiKey qty1 / qty10
120,U408,1,YES,SN74LVC1G11DBVR / 1.8V reset driver,Package_TO_SOT_SMD:SOT-23-6,SN74LVC1G11DBVR,Texas Instruments,EXACT_QUOTE,2026-09-29,USD,0.32000,0.21800,6.7100,2.15,7.31,https://www.digikey.com/en/products/detail/texas-instruments/SN74LVC1G11DBVR/637183,DigiKey qty1 / qty10
121,U405,1,YES,SN74LVC1G11DBVR / analog PG AND,Package_TO_SOT_SMD:SOT-23-6,SN74LVC1G11DBVR,Texas Instruments,EXACT_QUOTE,2026-09-29,USD,0.32000,0.21800,6.7100,2.15,7.31,https://www.digikey.com/en/products/detail/texas-instruments/SN74LVC1G11DBVR/637183,DigiKey qty1 / qty10
122,U406,1,YES,SN74LVC1G11DBVR / supply + PVSS qualification,Package_TO_SOT_SMD:SOT-23-6,SN74LVC1G11DBVR,Texas Instruments,EXACT_QUOTE,2026-09-29,USD,0.32000,0.21800,6.7100,2.15,7.31,https://www.digikey.com/en/products/detail/texas-instruments/SN74LVC1G11DBVR/637183,DigiKey qty1 / qty10
123,U505,1,YES,SN74LVC1G14DBVR,Package_TO_SOT_SMD:SOT-23-5,SN74LVC1G14DBVR,Texas Instruments,EXACT_QUOTE,2026-09-29,USD,0.14000,0.14000,6.7100,0.94,4.70,https://www.digikey.com/en/products/detail/texas-instruments/SN74LVC1G14DBVR/385746,DigiKey qty1
124,U504 U509 U510,3,YES,SN74LVC1G17DBVR,Package_TO_SOT_SMD:SOT-23-5,SN74LVC1G17DBVR,Texas Instruments,EXACT_QUOTE,2026-09-29,USD,0.15000,0.10100,6.7100,3.02,10.17,https://www.digikey.com/en/products/detail/texas-instruments/SN74LVC1G17DBVR/389050,DigiKey qty1 / qty10
125,U506 U507,2,YES,SN74LVC1G74DCTR,Package_SO:SSOP-8_2.95x2.8mm_P0.65mm,SN74LVC1G74DCTR,Texas Instruments,EXACT_QUOTE,2026-09-29,USD,0.78000,0.55600,6.7100,10.47,37.31,https://www.digikey.com/en/products/detail/texas-instruments/SN74LVC1G74DCTR/2195375,DigiKey qty1 / qty10
126,U407,1,YES,SN74LVC1G74DCTR / explicit re-arm latch,Package_SO:SSOP-8_2.95x2.8mm_P0.65mm,SN74LVC1G74DCTR,Texas Instruments,EXACT_QUOTE,2026-09-29,USD,0.78000,0.55600,6.7100,5.23,18.65,https://www.digikey.com/en/products/detail/texas-instruments/SN74LVC1G74DCTR/2195375,DigiKey qty1 / qty10
127,U1010,1,YES,SN74LVC541APWR,Package_SO:TSSOP-20_4.4x6.5mm_P0.65mm,SN74LVC541APWR,Texas Instruments,EXACT_QUOTE,2026-09-29,USD,1.05000,1.05000,6.7100,7.05,35.23,https://www.digikey.com/en/products/detail/texas-instruments/SN74LVC541APWR/377514,DigiKey qty1
128,D301,1,YES,SS16 / 60V 1A Schottky,Diode_SMD:D_SMA,,,BUDGET_GENERIC,2026-09-29,USD,0.15000,0.12000,6.7100,1.01,4.03,,Engineering small-quantity budget; manufacturer MPN not source-bound
129,D101,1,YES,SS34 reverse-polarity diode,Diode_SMD:D_SMA,,,BUDGET_GENERIC,2026-09-29,USD,0.15000,0.12000,6.7100,1.01,4.03,,Engineering small-quantity budget; manufacturer MPN not source-bound
130,J901 J902,2,YES,SSI/BiSS CLK/DATA - NO POWER,Connector_PinHeader_2.54mm:PinHeader_2x03_P2.54mm_Vertical,,,BUDGET_GENERIC,2026-09-29,USD,0.30000,0.24000,6.7100,4.03,16.10,,Engineering small-quantity budget; manufacturer MPN not source-bound
131,JP901 JP902 JP903 JP904 JP1001,5,YES,TERM - SHUNT ABSENT,Connector_PinHeader_2.54mm:PinHeader_1x02_P2.54mm_Vertical,,,BUDGET_GENERIC,2026-09-29,USD,0.12000,0.09600,6.7100,4.03,16.10,,Engineering small-quantity budget; manufacturer MPN not source-bound
132,U901 U902 U903 U904 U1001,5,YES,THVD1450DR,Package_SO:SOIC-8_3.9x4.9mm_P1.27mm,THVD1450DR,Texas Instruments,EXACT_QUOTE,2026-09-29,USD,2.17000,1.59700,6.7100,72.80,267.90,https://www.digikey.com/en/products/detail/texas-instruments/THVD1450DR/9356550,DigiKey qty1 / qty10
133,U404,1,YES,TLV1701AIDBVR / PVSS independent sense,Package_TO_SOT_SMD:SOT-23-5,TLV1701AIDBVR,Texas Instruments,EXACT_QUOTE,2026-09-29,USD,1.16000,1.16000,6.7100,7.78,38.92,https://www.digikey.com/en/products/detail/texas-instruments/TLV1701AIDBVR/5029931,DigiKey qty1
134,U101,1,YES,TPS259474LRPWR / latched circuit breaker,Package_DFN_QFN:TI_RPW0010A,TPS259474LRPWR,Texas Instruments,EXACT_QUOTE,2026-09-29,USD,1.72000,1.72000,6.7100,11.54,57.71,https://www.digikey.com/en/products/detail/texas-instruments/TPS259474LRPWR/14123976,DigiKey qty1
135,U501,1,YES,TPS3430DRCR,Package_SON:Texas_DRC0010J,TPS3430WDRCR,Texas Instruments,ORDERABLE_MPN_MISMATCH,2026-09-29,USD,2.47000,2.47000,6.7100,16.57,82.87,https://www.ti.com/product/TPS3430/part-details/TPS3430WDRCR,Schematic says TPS3430DRCR; TI current active orderable part is TPS3430WDRCR. Budget only until design-owner equivalence review.
136,U401 U402 U403,3,YES,TPS3808G01DBVR / CT open =20ms,Package_TO_SOT_SMD:SOT-23-6,TPS3808G01DBVR,Texas Instruments,EXACT_QUOTE,2026-09-29,USD,1.96000,1.43700,6.7100,39.45,144.63,https://www.digikey.com/en/products/detail/texas-instruments/TPS3808G01DBVR/666712,DigiKey qty1 / qty10
137,U502 U503,2,YES,TPS3808G33DBVR,Package_TO_SOT_SMD:SOT-23-6,TPS3808G33DBVR,Texas Instruments,EXACT_QUOTE,2026-09-29,USD,1.84000,1.35500,6.7100,24.69,90.92,https://www.digikey.com/en/products/detail/texas-instruments/TPS3808G33DBVR/666727,DigiKey qty1 / qty10
138,U102,1,YES,TPS70933DBVR / AON only,Package_TO_SOT_SMD:SOT-23-5,TPS70933DBVR,Texas Instruments,EXACT_QUOTE,2026-09-29,USD,1.51000,1.10200,6.7100,10.13,36.97,https://www.digikey.com/en/products/detail/texas-instruments/TPS70933DBVR/3767568,DigiKey qty1 / qty10; stock lead-time must be rechecked
139,TP303,1,YES,VREF_2V5,TestPoint:TestPoint_Pad_D1.0mm,,,BUDGET_GENERIC,2026-09-29,USD,0.08000,0.06400,6.7100,0.54,2.15,,Engineering small-quantity budget; manufacturer MPN not source-bound
